conversation_id,display_id,inbox,status_anterior,status_novo,mudanca,created_at,last_activity_at
273086,273086,Idiomus,0,3,open -> snoozed,2026-01-16 17:10:08.708121,2026-01-16 19:41:51.792495
275424,275424,Teacher Poli,0,3,open -> snoozed,2026-01-20 18:29:57.500955,2026-01-20 18:29:57.681211
275457,275457,Teacher Poli,0,3,open -> snoozed,2026-01-20 19:51:06.305898,2026-01-20 19:51:06.582443
275466,275466,Teacher Poli,0,3,open -> snoozed,2026-01-20 20:39:05.764616,2026-01-20 20:39:06.026045
275468,275468,Teacher Poli,0,3,open -> snoozed,2026-01-20 20:48:31.401496,2026-01-20 20:48:31.600704
275496,275496,Teacher Poli,0,3,open -> snoozed,2026-01-20 21:52:12.430755,2026-01-21 11:04:53.111226
275497,275497,Teacher Poli,0,3,open -> snoozed,2026-01-20 21:54:31.164587,2026-01-20 21:54:31.352617
275508,275508,Teacher Poli,0,3,open -> snoozed,2026-01-20 22:12:17.102556,2026-01-20 22:12:17.327259
275516,275516,Teacher Poli,0,3,open -> snoozed,2026-01-20 22:49:37.642835,2026-01-20 22:49:37.93222
275518,275518,Teacher Poli,0,3,open -> snoozed,2026-01-20 22:55:35.266191,2026-01-20 22:55:35.497747
275525,275525,Teacher Poli,0,3,open -> snoozed,2026-01-20 23:14:30.350621,2026-01-20 23:14:30.629573
275535,275535,Teacher Poli,0,3,open -> snoozed,2026-01-20 23:29:53.78684,2026-01-20 23:29:54.074859
275540,275540,Teacher Poli,0,3,open -> snoozed,2026-01-20 23:38:06.905079,2026-01-20 23:38:07.196609
275548,275548,Teacher Poli,0,3,open -> snoozed,2026-01-20 23:53:52.88748,2026-01-20 23:53:53.08165
275550,275550,Teacher Poli,0,3,open -> snoozed,2026-01-20 23:57:10.69754,2026-01-20 23:57:10.980906
275554,275554,Teacher Poli,0,3,open -> snoozed,2026-01-21 00:05:22.077954,2026-01-21 00:05:22.368765
275560,275560,Teacher Poli,0,3,open -> snoozed,2026-01-21 00:16:47.236736,2026-01-21 00:16:47.529984
275566,275566,Teacher Poli,0,3,open -> snoozed,2026-01-21 00:22:59.507029,2026-01-21 00:22:59.785249
275582,275582,Teacher Poli,0,3,open -> snoozed,2026-01-21 00:58:30.243914,2026-01-21 00:58:30.436547
275586,275586,Teacher Poli,0,3,open -> snoozed,2026-01-21 01:09:58.92877,2026-01-21 01:09:59.19747
275589,275589,Teacher Poli,0,3,open -> snoozed,2026-01-21 01:16:50.43047,2026-01-21 01:16:50.604379
275595,275595,Teacher Poli,0,3,open -> snoozed,2026-01-21 01:36:39.219064,2026-01-21 01:36:39.494994
275606,275606,Teacher Poli,0,3,open -> snoozed,2026-01-21 01:59:08.807274,2026-01-21 02:19:00.300372
275620,275620,Teacher Poli,0,3,open -> snoozed,2026-01-21 02:53:45.632747,2026-01-21 02:53:45.915874
275636,275636,Teacher Poli,0,3,open -> snoozed,2026-01-21 04:13:48.211949,2026-01-21 04:13:48.485547
275642,275642,Teacher Poli,0,3,open -> snoozed,2026-01-21 04:48:03.922718,2026-01-21 04:48:04.204898
275659,275659,Teacher Poli,0,3,open -> snoozed,2026-01-21 09:22:24.70896,2026-01-21 09:22:25.002554
275661,275661,Teacher Poli,0,3,open -> snoozed,2026-01-21 09:31:17.620053,2026-01-21 09:31:17.903621
275662,275662,Teacher Poli,0,3,open -> snoozed,2026-01-21 09:35:18.315202,2026-01-21 09:35:18.494263
275663,275663,Teacher Poli,0,3,open -> snoozed,2026-01-21 09:44:51.206623,2026-01-21 09:44:51.48822
275665,275665,Teacher Poli,0,3,open -> snoozed,2026-01-21 09:53:00.604111,2026-01-21 09:53:00.88908
275667,275667,Teacher Poli,0,3,open -> snoozed,2026-01-21 10:01:20.521481,2026-01-21 10:01:20.742322
275673,275673,Teacher Poli,0,3,open -> snoozed,2026-01-21 10:18:28.070439,2026-01-21 10:18:28.249387
275678,275678,Teacher Poli,0,3,open -> snoozed,2026-01-21 10:29:51.749408,2026-01-21 10:29:52.039528
275680,275680,Teacher Poli,0,3,open -> snoozed,2026-01-21 10:33:25.830724,2026-01-21 10:33:26.1051
275681,275681,Teacher Poli,0,3,open -> snoozed,2026-01-21 10:35:55.138999,2026-01-21 10:35:55.441763
275682,275682,Teacher Poli,0,3,open -> snoozed,2026-01-21 10:36:45.581964,2026-01-21 10:36:45.846372
275683,275683,Teacher Poli,0,3,open -> snoozed,2026-01-21 10:37:17.231308,2026-01-21 10:37:17.431157
275691,275691,Teacher Poli,0,3,open -> snoozed,2026-01-21 11:03:24.381652,2026-01-21 11:03:24.661783
275692,275692,Teacher Poli,0,3,open -> snoozed,2026-01-21 11:03:50.772812,2026-01-21 11:03:51.044656
275698,275698,Teacher Poli,0,3,open -> snoozed,2026-01-21 11:12:33.580915,2026-01-21 11:12:33.775949
275699,275699,Teacher Poli,0,3,open -> snoozed,2026-01-21 11:12:56.273431,2026-01-21 11:12:56.535935
275700,275700,Teacher Poli,0,3,open -> snoozed,2026-01-21 11:13:06.613254,2026-01-21 11:13:06.904493
275705,275705,Teacher Poli,0,3,open -> snoozed,2026-01-21 11:20:23.59624,2026-01-21 11:20:23.80357
275717,275717,Teacher Poli,0,3,open -> snoozed,2026-01-21 11:27:05.999752,2026-01-21 11:27:06.296373
275718,275718,Teacher Poli,0,3,open -> snoozed,2026-01-21 11:29:28.571468,2026-01-21 11:29:28.831196
275721,275721,Teacher Poli,0,3,open -> snoozed,2026-01-21 11:30:27.219573,2026-01-21 11:30:27.479867
275725,275725,Teacher Poli,0,3,open -> snoozed,2026-01-21 11:39:14.310658,2026-01-21 11:39:14.591774
275727,275727,Teacher Poli,0,3,open -> snoozed,2026-01-21 11:42:38.348477,2026-01-21 11:42:38.624822
275728,275728,Teacher Poli,0,3,open -> snoozed,2026-01-21 11:43:59.140456,2026-01-21 11:43:59.730683
275737,275737,Teacher Poli,0,3,open -> snoozed,2026-01-21 11:59:22.182601,2026-01-21 11:59:22.473173
275739,275739,Teacher Poli,0,3,open -> snoozed,2026-01-21 12:01:09.203583,2026-01-21 12:01:09.386769
275745,275745,Teacher Poli,0,3,open -> snoozed,2026-01-21 12:12:25.844532,2026-01-21 12:12:26.111825
275746,275746,Teacher Poli,0,3,open -> snoozed,2026-01-21 12:14:46.056226,2026-01-21 12:15:24.196172
275750,275750,Teacher Poli,0,3,open -> snoozed,2026-01-21 12:22:41.653852,2026-01-21 12:22:41.992201
275751,275751,Teacher Poli,0,3,open -> snoozed,2026-01-21 12:28:51.347951,2026-01-21 12:28:51.648928
275758,275758,Teacher Poli,0,3,open -> snoozed,2026-01-21 12:41:09.883414,2026-01-21 12:41:10.16868
275762,275762,Teacher Poli,0,3,open -> snoozed,2026-01-21 12:51:45.279735,2026-01-21 12:51:45.581061
275764,275764,Teacher Poli,0,3,open -> snoozed,2026-01-21 12:53:26.478242,2026-01-21 12:53:26.675423
275775,275775,Teacher Poli,0,3,open -> snoozed,2026-01-21 13:24:47.66576,2026-01-21 13:24:47.936111
275776,275776,Teacher Poli,0,3,open -> snoozed,2026-01-21 13:28:37.287831,2026-01-21 13:28:37.558421
275777,275777,Teacher Poli,0,3,open -> snoozed,2026-01-21 13:29:57.534039,2026-01-21 13:29:57.823688
275778,275778,Teacher Poli,0,3,open -> snoozed,2026-01-21 13:31:50.95831,2026-01-21 13:31:51.231831
275782,275782,Teacher Poli,0,3,open -> snoozed,2026-01-21 13:38:25.081832,2026-01-21 13:38:25.347557
275784,275784,Teacher Poli,0,3,open -> snoozed,2026-01-21 13:40:12.982211,2026-01-21 13:40:13.265932
275790,275790,Teacher Poli,0,3,open -> snoozed,2026-01-21 13:48:54.875881,2026-01-21 13:48:55.162059
275791,275791,Teacher Poli,0,3,open -> snoozed,2026-01-21 13:51:31.555037,2026-01-21 13:51:31.832702
275798,275798,Teacher Poli,0,3,open -> snoozed,2026-01-21 14:04:44.172356,2026-01-21 14:04:44.373123
275800,275800,Teacher Poli,0,3,open -> snoozed,2026-01-21 14:09:48.917762,2026-01-21 14:09:49.217113
275804,275804,Teacher Poli,0,3,open -> snoozed,2026-01-21 14:15:04.14596,2026-01-21 14:15:04.465425
275813,275813,Teacher Poli,0,3,open -> snoozed,2026-01-21 14:31:56.780261,2026-01-21 14:31:57.079061
275817,275817,Teacher Poli,0,3,open -> snoozed,2026-01-21 14:36:42.435483,2026-01-21 14:37:57.094056
275830,275830,Teacher Poli,0,3,open -> snoozed,2026-01-21 14:48:17.967391,2026-01-21 14:48:18.265707
273179,273179,Teacher Poli Latam,0,3,open -> snoozed,2026-01-16 21:26:18.473029,2026-01-16 21:53:51.141628
275396,275396,Teacher Poli Latam,0,3,open -> snoozed,2026-01-20 17:20:29.200236,2026-01-20 17:20:29.465106
275409,275409,Teacher Poli Latam,0,3,open -> snoozed,2026-01-20 17:47:53.251657,2026-01-20 17:47:53.52948
275436,275436,Teacher Poli Latam,0,3,open -> snoozed,2026-01-20 18:53:12.775351,2026-01-20 18:53:41.479236
275447,275447,Teacher Poli Latam,0,3,open -> snoozed,2026-01-20 19:30:25.902944,2026-01-20 19:30:26.117928
275482,275482,Teacher Poli Latam,0,3,open -> snoozed,2026-01-20 21:16:54.99685,2026-01-20 21:16:55.278979
275494,275494,Teacher Poli Latam,0,3,open -> snoozed,2026-01-20 21:43:19.875587,2026-01-20 21:43:20.068243
275504,275504,Teacher Poli Latam,0,3,open -> snoozed,2026-01-20 22:06:37.989526,2026-01-20 22:06:38.312951
275517,275517,Teacher Poli Latam,0,3,open -> snoozed,2026-01-20 22:52:11.254485,2026-01-20 22:52:23.562948
275521,275521,Teacher Poli Latam,0,3,open -> snoozed,2026-01-20 23:08:15.415696,2026-01-20 23:08:15.703866
275529,275529,Teacher Poli Latam,0,3,open -> snoozed,2026-01-20 23:20:27.749087,2026-01-20 23:20:28.044179
275547,275547,Teacher Poli Latam,0,3,open -> snoozed,2026-01-20 23:53:33.37466,2026-01-20 23:53:33.682369
275562,275562,Teacher Poli Latam,0,3,open -> snoozed,2026-01-21 00:18:33.681089,2026-01-21 00:18:33.961696
275580,275580,Teacher Poli Latam,0,3,open -> snoozed,2026-01-21 00:56:21.820345,2026-01-21 00:56:22.104394
275594,275594,Teacher Poli Latam,0,3,open -> snoozed,2026-01-21 01:30:49.396674,2026-01-21 01:30:49.660728
275605,275605,Teacher Poli Latam,0,3,open -> snoozed,2026-01-21 01:57:27.500702,2026-01-21 01:57:27.778898
275611,275611,Teacher Poli Latam,0,3,open -> snoozed,2026-01-21 02:04:49.511669,2026-01-21 02:04:49.777175
275615,275615,Teacher Poli Latam,0,3,open -> snoozed,2026-01-21 02:33:46.634894,2026-01-21 02:33:46.829707
275621,275621,Teacher Poli Latam,0,3,open -> snoozed,2026-01-21 03:04:34.742152,2026-01-21 03:04:34.930593
275634,275634,Teacher Poli Latam,0,3,open -> snoozed,2026-01-21 04:12:45.904439,2026-01-21 04:12:46.18612
275641,275641,Teacher Poli Latam,0,3,open -> snoozed,2026-01-21 04:38:06.587411,2026-01-21 04:38:06.78475
275742,275742,Teacher Poli Latam,0,3,open -> snoozed,2026-01-21 12:08:12.282477,2026-01-21 12:08:12.473945
275744,275744,Teacher Poli Latam,0,3,open -> snoozed,2026-01-21 12:08:50.311438,2026-01-21 12:08:50.625651
275812,275812,Teacher Poli Latam,0,3,open -> snoozed,2026-01-21 14:29:06.915017,2026-01-21 14:29:07.195576
275826,275826,Teacher Poli Latam,0,3,open -> snoozed,2026-01-21 14:42:01.20979,2026-01-21 14:42:01.499931
